headline,sentiment
TLGY Acquisition Corp. and StablecoinX Assets Inc. Announce Shareholder Approval of Business Combination,0.5859
"Reliance says will maximise LPG production at refinery, divert D6 gas to priority sector",0.0
HZL signs MoU with CMR Green Technologies for setting up unit in Rajasthan’s Zinc Park,0.0
"Hotel101 Global Officially Unveils the 680-Room Hotel101-Madrid, Spain – Opens to the Public Today, March 10, 2026",0.0
"Hotel101 Global Officially Unveils the 680-Room Hotel101-Madrid, Spain - Opens to the Public Today, March 10, 2026",0.0
"Electronics, semicon supply chain navigate West Asia tensions, but prolonged war may disrupt operations: Industry",-0.802
"Karnataka plans airport in Kalyana Karnataka to serve Ballari, Vijayanagara, Koppal districts",0.0
Crude Oil Transportation Strategic Business Research and Forecast Report 2026-2030 - Volatility in Global Oil Production and Demand Patterns Shapes Crude Oil Transport Flows,-0.836
"Electronics, semicon supply chain navigate West Asia tensions, but prolonged war may disrupt operations: Industry",-0.802
"Corifact (CSL Behring) Market Research Report 2026: Epidemiology, Pipeline Analysis, Trends, Strategies, and Forecasts, 2020-2025, 2025-2030F, 2035F",0.0
West Asia conflict disrupts gas supply to Maharashtra industry; MNGL invokes force majeure,-0.3182
Transcontinental Inc. Announces Results for the First Quarter of Fiscal Year 2026,0.0
Transcontinental Inc. Announces Results for the First Quarter of Fiscal Year 2026,0.0
FO Talks: India–US Trade Deal Agreement and the Real Beginning of Liberalization 2.0,0.4939
"Sensex, Nifty snap losing streak as crude cools, auto leads broad rally",-0.5574
Why cloud service outages ripple across the internet – and the economy,0.0
Pakistan orders sweeping austerity measures as Iran war triggers oil crisis,-0.8402
ASP Isotopes to Participate in Canaccord Genuity’s 2nd Annual CG Virtual Sustainability Summit,0.0
"Extavia (Novartis) Market Research Report 2026: Epidemiology, Pipeline Analysis, Trends, Strategies, & Forecasts, 2020-2025, 2025-2030F, 2035F",0.0
"ZenaTech’s ZenaDrone Commences Development of IQ Glider, an Autonomous Marine Drone Launch and Refueling Station for the ZenaDrone 2000 Intercept Drone",0.0
